<?xml version="1.0" encoding="UTF-8"?>
<Configuration status="WARN" monitorInterval="5">
	<Appenders>

		<Console name="Console" target="SYSTEM_OUT">
			<PatternLayout pattern="%d{HH:mm:ss.SSS} [%t] %-5level %logger{36} - %msg%n" />
		</Console>

		<File name="app" fileName="c:/logs/app.log">
			<PatternLayout>
				<Pattern>%d %p %c{9.} [%t] %m%n</Pattern>
			</PatternLayout>
		</File>

		<File name="logJob" fileName="c:/logs/job.log">
			<PatternLayout>
				<Pattern>%d %p %c{9.} [%t] %m%n</Pattern>
			</PatternLayout>
		</File>
		
		<File name="tempoRequisicao" fileName="c:/logs/tempoRequisicao.log">
			<PatternLayout>
				<Pattern>%d %p %c{9.} [%t] %m%n</Pattern>
			</PatternLayout>
		</File>
		
		<File name="erro" fileName="c:/logs/erro.log">
			<PatternLayout>
				<Pattern>%d %p %c{9.} [%t] %m%n</Pattern>
			</PatternLayout>
		</File>

	</Appenders>
	<Loggers>

		<Logger name="app" level="trace">
			<AppenderRef ref="app" />
		</Logger>

		<Logger name="br.com.calcard.calframework.job" level="trace">
			<AppenderRef ref="logJob" />
		</Logger>
		
		<Logger name="tempoRequisicao" level="trace">
			<AppenderRef ref="tempoRequisicao" />
		</Logger>
		
		<Logger name="erro" level="trace">
			<AppenderRef ref="erro" />
		</Logger>

		<Root level="info">
			<AppenderRef ref="Console" />
		</Root>

	</Loggers>
</Configuration>