<?xml version="1.0" encoding="ISO-8859-1"?>
<configuracoes>
	<mensagens>
	</mensagens>
	
	<calintegrador>
		
		<motorBiometria>
			<usuario>calcardapi</usuario>
			<senha>Calcard_Test2015</senha>
			<urlApi>https://test.creddefense.com/index.php/api/</urlApi>
			<versao>v2/</versao>
			<urlBase>https://test.creddefense.com/index.php/api/v2/</urlBase>
			<urlLogin>login/</urlLogin>
			<urlCreditRequest>creditRequest/</urlCreditRequest>
			<urlPooling>pooling/</urlPooling>
			<urlLogout>logout/</urlLogout>
			<urlUploadDocuments>uploaddocuments/</urlUploadDocuments>
			<urlAssessment>assessment/</urlAssessment>
			<urlChangeStatus>changestatus/</urlChangeStatus>
			<urlStatus>status/</urlStatus>
			<urlViewDocuments>viewdocuments/</urlViewDocuments>
			<loggerTempoIntegracao>tempoIntegracaoMotorBiometria</loggerTempoIntegracao>
		</motorBiometria>
	  
		<motorCredito>
			<politicaBiometriaFacial>Cadastro_Alteracao_Senha</politicaBiometriaFacial>
			<usuario>callsystem</usuario>
			<senha>123callsystem</senha>
			<urlWS>http://200.143.184.35/ws/CreditTalkStateless.asmx</urlWS>
			<loggerTempoIntegracao>tempoIntegracaoMotorCredito</loggerTempoIntegracao>
		</motorCredito>
	  
		<processadora>
			<urlContaWS>http://10.19.252.136:2506/Conta.asmx</urlContaWS>
			<urlCartaoWS>http://10.19.252.136:2506/Cartao.asmx</urlCartaoWS>
			<loggerTempoIntegracao>tempoIntegracaoProcessadora</loggerTempoIntegracao>
		</processadora>
	  
  </calintegrador>
  
</configuracoes>