<?xml version="1.0" encoding="UTF-8"?>
<beans xmlns="http://www.springframework.org/schema/beans"
	xmlns:xsi="http://www.w3.org/2001/XMLSchema-instance" xmlns:context="http://www.springframework.org/schema/context"
	xsi:schemaLocation="http://www.springframework.org/schema/beans http://www.springframework.org/schema/beans/spring-beans-4.0.xsd
        					http://www.springframework.org/schema/context http://www.springframework.org/schema/context/spring-context-4.0.xsd">

	<context:component-scan base-package="br.com.calcard" />
	
	<!-- ============================================================================================== 
		================= APAGA DOCUMENTOS DIGIALIZADOS QUE NÃO FORAM UTILIZADOS ====================== 
		=============================================================================================== -->

	<bean name="jobApagaDocumentoDigitalizadosNaoUtilizados"
		class="org.springframework.scheduling.quartz.JobDetailFactoryBean">
		
		<property name="jobClass"
			value="br.com.calcard.calsystem.job.JobApagaDocumentosNaoUtilizados" />
			
		<property name="jobDataMap">
			<map>
				<entry key="digitalizacaoService" value-ref="digitalizacaoService" />
			</map>
		</property>
		
		<property name="durability" value="true" />
		
	</bean>

	
	<bean id="triggerApagaDocumentoDigitalizadosNaoUtilizados"
		class="org.springframework.scheduling.quartz.CronTriggerFactoryBean">
		<property name="jobDetail" ref="jobApagaDocumentoDigitalizadosNaoUtilizados" />
		<property name="cronExpression" value="0 0 2 ? * *" />
	</bean>

	<bean class="org.springframework.scheduling.quartz.SchedulerFactoryBean">
		<property name="jobDetails">
			<list>
				<ref bean="jobApagaDocumentoDigitalizadosNaoUtilizados" />
			</list>
		</property>

		<property name="triggers">
			<list>
				<ref bean="triggerApagaDocumentoDigitalizadosNaoUtilizados" />
			</list>
		</property>

		<property name="quartzProperties">
			<props>
				<prop key="org.quartz.threadPool.threadCount">1</prop>
			</props>
		</property>

	</bean>
		
		
	<!-- ============================================================================================== 
		=========================== JOB ENVIO PROPOSTAS NEGADAS MOTOR FRAUDE ========================== 
		=============================================================================================== -->

	<!-- <bean name="jobEnvioPropostasNegadasMotorFraude" -->
	<!-- class="org.springframework.scheduling.quartz.JobDetailFactoryBean"> -->
	<!-- <property name="jobClass" -->
	<!-- value="br.com.calcard.calsystem.job.JobEnvioPropostasNegadasMotorFraude" 
		/> -->
	<!-- <property name="jobDataMap"> -->
	<!-- <map> -->
	<!-- <entry key="propostaServiceFacade" value-ref="propostaServiceFacade" 
		/> -->
	<!-- </map> -->
	<!-- </property> -->
	<!-- <property name="durability" value="true" /> -->
	<!-- </bean> -->

	<!-- <bean id="triggerJobEnvioPropostasNegadasMotorFraude" -->
	<!-- class="org.springframework.scheduling.quartz.SimpleTriggerFactoryBean"> -->
	<!-- <property name="jobDetail" ref="jobEnvioPropostasNegadasMotorFraude" 
		/> -->
	<!-- <property name="startDelay" value="1000" /> -->
	<!-- <property name="repeatInterval" value="3600000" /> 1 hora -->
	<!-- </bean> -->

	<!-- <bean class="org.springframework.scheduling.quartz.SchedulerFactoryBean"> -->
	<!-- <property name="jobDetails"> -->
	<!-- <list> -->
	<!-- <ref bean="jobEnvioPropostasNegadasMotorFraude" /> -->
	<!-- </list> -->
	<!-- </property> -->

	<!-- <property name="triggers"> -->
	<!-- <list> -->
	<!-- <ref bean="triggerJobEnvioPropostasNegadasMotorFraude" /> -->
	<!-- </list> -->
	<!-- </property> -->

	<!-- <property name="quartzProperties"> -->
	<!-- <props> -->
	<!-- <prop key="org.quartz.threadPool.threadCount">1</prop> -->
	<!-- </props> -->
	<!-- </property> -->

	<!-- </bean> -->

	<!-- ============================================================================================== 
		=========================== JOB CONSULTA RESPOSTA MOTOR FRAUDE ================================ 
		=============================================================================================== -->

	<!-- <bean name="jobConsultaRespostaMotorFraude" -->
	<!-- class="org.springframework.scheduling.quartz.JobDetailFactoryBean"> -->
	<!-- <property name="jobClass" -->
	<!-- value="br.com.calcard.calsystem.job.JobConsultaRespostaMotorFraude" 
		/> -->
	<!-- <property name="jobDataMap"> -->
	<!-- <map> -->
	<!-- <entry key="propostaServiceFacade" value-ref="propostaServiceFacade" 
		/> -->
	<!-- </map> -->
	<!-- </property> -->
	<!-- <property name="durability" value="true" /> -->
	<!-- </bean> -->

	<!-- <bean id="triggerJobConsultaRespostaMotorFraude" -->
	<!-- class="org.springframework.scheduling.quartz.SimpleTriggerFactoryBean"> -->
	<!-- <property name="jobDetail" ref="jobConsultaRespostaMotorFraude" /> -->
	<!-- <property name="startDelay" value="1000" /> -->
	<!-- <property name="repeatInterval" value="30000" /> -->
	<!-- </bean> -->

	<!-- <bean class="org.springframework.scheduling.quartz.SchedulerFactoryBean"> -->
	<!-- <property name="jobDetails"> -->
	<!-- <list> -->
	<!-- <ref bean="jobConsultaRespostaMotorFraude" /> -->
	<!-- </list> -->
	<!-- </property> -->

	<!-- <property name="triggers"> -->
	<!-- <list> -->
	<!-- <ref bean="triggerJobConsultaRespostaMotorFraude" /> -->
	<!-- </list> -->
	<!-- </property> -->

	<!-- <property name="quartzProperties"> -->
	<!-- <props> -->
	<!-- <prop key="org.quartz.threadPool.threadCount">1</prop> -->
	<!-- </props> -->
	<!-- </property> -->

	<!-- </bean> -->

	<!-- ============================================================================================== 
		=========================== JOB ENVIO PROPOSTA MOTOR FRAUDE =================================== 
		=============================================================================================== -->

	<!-- <bean name="jobEnvioPropostaMotorFraude" -->
	<!-- class="org.springframework.scheduling.quartz.JobDetailFactoryBean"> -->
	<!-- <property name="jobClass" -->
	<!-- value="br.com.calcard.calsystem.job.JobEnvioPropostaMotorFraude" /> -->
	<!-- <property name="jobDataMap"> -->
	<!-- <map> -->
	<!-- <entry key="propostaServiceFacade" value-ref="propostaServiceFacade" 
		/> -->
	<!-- </map> -->
	<!-- </property> -->
	<!-- <property name="durability" value="true" /> -->
	<!-- </bean> -->

	<!-- <bean id="triggerJobEnvioPropostaMotorFraude" -->
	<!-- class="org.springframework.scheduling.quartz.SimpleTriggerFactoryBean"> -->
	<!-- <property name="jobDetail" ref="jobEnvioPropostaMotorFraude" /> -->
	<!-- <property name="startDelay" value="1000" /> -->
	<!-- <property name="repeatInterval" value="30000" /> -->
	<!-- </bean> -->

	<!-- <bean class="org.springframework.scheduling.quartz.SchedulerFactoryBean"> -->
	<!-- <property name="jobDetails"> -->
	<!-- <list> -->
	<!-- <ref bean="jobEnvioPropostaMotorFraude" /> -->
	<!-- </list> -->
	<!-- </property> -->

	<!-- <property name="triggers"> -->
	<!-- <list> -->
	<!-- <ref bean="triggerJobEnvioPropostaMotorFraude" /> -->
	<!-- </list> -->
	<!-- </property> -->

	<!-- <property name="quartzProperties"> -->
	<!-- <props> -->
	<!-- <prop key="org.quartz.threadPool.threadCount">1</prop> -->
	<!-- </props> -->
	<!-- </property> -->

	<!-- </bean> -->


	<!-- ============================================================================================== 
		==================================== EXEMPLO ================================================== 
		=============================================================================================== -->
	<!-- Job Simples: quando você precisa apenas invocar um metodo específico 
		da classe -->
	<bean id="simpleJobDetail"
		class="org.springframework.scheduling.quartz.MethodInvokingJobDetailFactoryBean">
		<property name="targetObject" ref="myBean" />
		<property name="targetMethod" value="printMessage" />
	</bean>


	<!-- Job Complexo: quando você precisa de processos mais complexos, passando 
		parâmetro para o Job. -->
	<bean name="complexJobDetail"
		class="org.springframework.scheduling.quartz.JobDetailFactoryBean">
		<property name="jobClass" value="br.com.calcard.calsystem.job.ScheduledJob" />
		<property name="jobDataMap">
			<map>
				<entry key="anotherBean" value-ref="anotherBean" />
			</map>
		</property>
		<property name="durability" value="true" />
	</bean>


	<!-- Trigguer simples: executada a cada x milesegundos -->
	<bean id="simpleTrigger"
		class="org.springframework.scheduling.quartz.SimpleTriggerFactoryBean">
		<property name="jobDetail" ref="simpleJobDetail" />
		<property name="startDelay" value="1000" />
		<property name="repeatInterval" value="2000" />
	</bean>


	<!-- Trigger complexa: exeuctada através de um cronExpression (http://www.quartz-scheduler.org/documentation/quartz-1.x/tutorials/crontrigger) -->
	<bean id="cronTrigger"
		class="org.springframework.scheduling.quartz.CronTriggerFactoryBean">
		<property name="jobDetail" ref="complexJobDetail" />
		<property name="cronExpression" value="0/5 * * ? * SAT-SUN" />
	</bean>


	<!-- Fábrica de JOBs: vincula os Jobs as Triggers criadas. -->
	<bean class="org.springframework.scheduling.quartz.SchedulerFactoryBean">
		<property name="jobDetails">
			<list>
				<!-- <ref bean="simpleJobDetail" /> -->
				<!-- <ref bean="complexJobDetail" /> -->
			</list>
		</property>

		<property name="triggers">
			<list>
				<!-- <ref bean="simpleTrigger" /> -->
				<!-- <ref bean="cronTrigger" /> -->
			</list>
		</property>
	</bean>

</beans>