<?xml version="1.0" encoding="UTF-8"?>
<Configuration status="debug" >
	
	<Properties>
		<Property name="log-path">C:/calsystem/logs/</Property>
		<Property name="app-path">app/</Property>
		<Property name="erro-path">erro/</Property>
		<Property name="tempoRequisicao-path">tempoRequisicao/</Property>
		<Property name="tempoIntegracaoProcessadora-path">tempoIntegracaoProcessadora/</Property>
		<Property name="tempoIntegracaoMotorCredito-path">tempoIntegracaoMotorCredito/</Property>
		<Property name="tempoIntegracaoMotorBiometria-path">tempoIntegracaoMotorBiometria/</Property>
	</Properties>
	
	
	<Appenders>

		<Console name="Console" target="SYSTEM_OUT">
			<PatternLayout pattern="%d{HH:mm:ss.SSS} [%t] %-5level %logger{36} - %msg%n" />
		</Console>

		<RollingFile  name="app" fileName="${log-path}/${app-path}/app.log" 
			filePattern="${log-path}/app-%i.log" >
			
			<PatternLayout>
				<Pattern>%d %p %c{9.} [%t] %m%n</Pattern>
			</PatternLayout>
			
			<Policies>
				<SizeBasedTriggeringPolicy size="50 MB" />
			</Policies>
			<DefaultRolloverStrategy max="20"/>
			
		</RollingFile>
		
		<RollingFile  name="tempoRequisicao" fileName="${log-path}/${tempoRequisicao-path}/tempoRequisicao.log" 
			filePattern="${log-path}/tempoRequisicao-%i.log" >
			
			<PatternLayout>
				<Pattern>%d %p %c{9.} [%t] %m%n</Pattern>
			</PatternLayout>
			
			<Policies>
				<SizeBasedTriggeringPolicy size="50 MB" />
			</Policies>
			<DefaultRolloverStrategy max="20"/>
			
		</RollingFile>
		
		<RollingFile  name="erro" fileName="${log-path}/${erro-path}/erro.log" 
			filePattern="${log-path}/erro-%i.log" >
			
			<PatternLayout>
				<Pattern>%d %p %c{9.} [%t] %m%n</Pattern>
			</PatternLayout>
			
			<Policies>
				<SizeBasedTriggeringPolicy size="50 MB" />
			</Policies>
			<DefaultRolloverStrategy max="20"/>
			
		</RollingFile>
		
		<RollingFile  name="tempoIntegracaoProcessadora" fileName="${log-path}/${tempoIntegracaoProcessadora-path}/tempoIntegracaoProcessadora.log" 
			filePattern="${tempoIntegracaoProcessadora-path}/tempoIntegracaoProcessadora-%i.log" >
			
			<PatternLayout>
				<Pattern>%d %p %c{9.} [%t] %m%n</Pattern>
			</PatternLayout>
			
			<Policies>
				<SizeBasedTriggeringPolicy size="50 MB" />
			</Policies>
			<DefaultRolloverStrategy max="20"/>
			
		</RollingFile>
		
		<RollingFile  name="tempoIntegracaoMotorCredito" fileName="${log-path}/${tempoIntegracaoMotorCredito-path}/tempoIntegracaoMotorCredito.log" 
			filePattern="${tempoIntegracaoMotorCredito-path}/tempoIntegracaoMotorCredito-%i.log" >
			
			<PatternLayout>
				<Pattern>%d %p %c{9.} [%t] %m%n</Pattern>
			</PatternLayout>
			
			<Policies>
				<SizeBasedTriggeringPolicy size="50 MB" />
			</Policies>
			<DefaultRolloverStrategy max="20"/>
			
		</RollingFile>
		
		<RollingFile  name="tempoIntegracaoMotorBiometria" fileName="${log-path}/${tempoIntegracaoMotorBiometria-path}/tempoIntegracaoMotorBiometria.log" 
			filePattern="${tempoIntegracaoMotorBiometria-path}/tempoIntegracaoMotorBiometria-%i.log" >
			
			<PatternLayout>
				<Pattern>%d %p %c{9.} [%t] %m%n</Pattern>
			</PatternLayout>
			
			<Policies>
				<SizeBasedTriggeringPolicy size="50 MB" />
			</Policies>
			<DefaultRolloverStrategy max="20"/>
			
		</RollingFile>

	</Appenders>
	
	<Loggers>

		<Logger name="app" level="trace">
			<AppenderRef ref="app" />
		</Logger>

		<Logger name="br.com.calcard.calframework.job" level="trace">
			<AppenderRef ref="logJob" />
		</Logger>
		
		<Logger name="tempoRequisicao" level="trace">
			<AppenderRef ref="tempoRequisicao" />
		</Logger>
		
		<Logger name="tempoIntegracaoProcessadora" level="trace">
			<AppenderRef ref="tempoIntegracaoProcessadora" />
		</Logger>
		
		<Logger name="tempoIntegracaoMotorBiometria" level="trace">
			<AppenderRef ref="tempoIntegracaoMotorBiometria" />
		</Logger>
		
		<Logger name="tempoIntegracaoMotorCredito" level="trace">
			<AppenderRef ref="tempoIntegracaoMotorCredito" />
		</Logger>
		
		<Logger name="erro" level="trace">
			<AppenderRef ref="erro" />
		</Logger>

		<Root level="info">
			<AppenderRef ref="Console" />
		</Root>

	</Loggers>
</Configuration>