<?xml version="1.0" encoding="UTF-8"?>
<beans xmlns="http://www.springframework.org/schema/beans"
	xmlns:xsi="http://www.w3.org/2001/XMLSchema-instance" xmlns:tx="http://www.springframework.org/schema/tx"
	xmlns:p="http://www.springframework.org/schema/p" xmlns:mvc="http://www.springframework.org/schema/mvc"
	xmlns:context="http://www.springframework.org/schema/context"
	xsi:schemaLocation="
       http://www.springframework.org/schema/beans      http://www.springframework.org/schema/beans/spring-beans-3.2.xsd
       http://www.springframework.org/schema/mvc        http://www.springframework.org/schema/mvc/spring-mvc-3.2.xsd
       http://www.springframework.org/schema/context    http://www.springframework.org/schema/context/spring-context-3.2.xsd
       http://www.springframework.org/schema/tx         http://www.springframework.org/schema/tx/spring-tx-3.2.xsd">

	<context:component-scan base-package="br.com.calcard" />

	<mvc:annotation-driven>
		<mvc:message-converters>
			<!-- Use the HibernateAware mapper instead of the default -->
			<bean
				class="org.springframework.http.converter.json.MappingJackson2HttpMessageConverter">
				<property name="objectMapper">
					<bean
						class="br.com.calcard.calsystem.listener.HibernateAwareObjectMapper" />
				</property>
			</bean>
		</mvc:message-converters>
	</mvc:annotation-driven>

	<!-- MySQL -->
	<!-- <bean id="dataSource" -->
	<!-- class="org.springframework.jdbc.datasource.DriverManagerDataSource" -->
	<!-- p:driverClassName="com.mysql.jdbc.Driver" p:url="jdbc:mysql://localhost:3306/calsystem" -->
	<!-- p:username="root" p:password="oracle" /> -->

	<!-- SQLServer -->
	<bean id="dataSource"
		class="org.springframework.jdbc.datasource.DriverManagerDataSource"
		p:driverClassName="com.microsoft.sqlserver.jdbc.SQLServerDriver"
		p:url="jdbc:sqlserver://producao\CALSYSTEM:1433;DatabaseName=CALSYSTEM"
		p:username="calsystem" p:password="calcard1516" />
		
	<!-- <bean id="dataSource"
		class="org.springframework.jdbc.datasource.DriverManagerDataSource"
		p:driverClassName="com.microsoft.sqlserver.jdbc.SQLServerDriver"
		p:url="jdbc:sqlserver://homologacao\CALSYSTEM:1433;DatabaseName=CALSYSTEM"
		p:username="calsystem" p:password="calcard" /> -->

	<!-- <bean id="dataSource" -->
	<!-- class="org.springframework.jdbc.datasource.DriverManagerDataSource" -->
	<!-- p:driverClassName="com.microsoft.sqlserver.jdbc.SQLServerDriver" -->
	<!-- p:url="jdbc:sqlserver://10.10.2.127\calsystem:1433;DatabaseName=calsystem" -->
	<!-- p:username="sa" p:password="123456" /> -->

	<bean id="persistenceUnitManager"
		class="org.springframework.orm.jpa.persistenceunit.DefaultPersistenceUnitManager">
		<property name="persistenceXmlLocations">
			<list>
				<value>classpath*:META-INF/persistence.xml</value>
			</list>
		</property>
		<property name="defaultDataSource" ref="dataSource" />
	</bean>

	<bean id="entityManagerFactory"
		class="org.springframework.orm.jpa.LocalContainerEntityManagerFactoryBean">

		<property name="persistenceUnitManager" ref="persistenceUnitManager" />
		<property name="persistenceUnitName" value="entityManager" />

	</bean>

	<bean id="transactionManager" class="org.springframework.orm.jpa.JpaTransactionManager">
		<property name="entityManagerFactory" ref="entityManagerFactory" />
	</bean>

	<tx:annotation-driven transaction-manager="transactionManager" />

	<!-- <bean name="starter" init-method="inicializarJobs" -->
	<!-- class="br.com.calcard.calsystem.listener.JobStartListener" lazy-init="false" 
		/> -->

	<bean name="starter" init-method="init"
		class="br.com.calcard.calsystem.listener.LoadListener" lazy-init="false" />

	<mvc:interceptors>
		<bean class="br.com.calcard.calsystem.service.HttpInterceptorService" />
	</mvc:interceptors>





</beans>
